file,title,status,version
index.html,,stable,v0.1.2
services.html,,stable,v0.1.2
adoptions.html,,stable,v0.1.2
surrender.html,,stable,v0.1.2
rescues.html,,stable,v0.1.2
corporations-public-sector.html,Corporate and Public Sector Rescue,stable,v0.1.2
dog-cat-rehoming.html,,stable,v0.1.2
sponsorships.html,,stable,v0.1.2
education.html,,stable,v0.1.2
division-mission.html,Division Mission,stable,v0.1.2
news.html,,stable,v0.1.2
contact.html,,stable,v0.1.2
policies.html,,stable,v0.1.2
donate.html,,stable,v0.1.2
portal.html,,stable,v0.1.2
search.html,,stable,v0.1.2
changelog.html,,stable,v0.1.2
404.html,,stable,v0.1.2
trial-adoptions.html,Trial Adoptions,stable,v0.1.2
foster-scheme.html,Foster Scheme,stable,v0.1.2

